"Name","Team","BABIP","GB/FB","LD%","GB%","FB%","IFFB%","HR/FB","RS","RS/9","Balls","Strikes","Pitches","Pull%","Cent%","Oppo%","Soft%","Med%","Hard%","playerid"
"Scott Alexander","Royals",".306","8.64","12.4 %","78.5 %","9.1 %","0.0 %","9.1 %","24","5.02","253","423","676","45.1 %","36.1 %","18.9 %","27.1 %","49.2 %","23.8 %","10591"
"Alex Claudio","Rangers",".246","5.13","16.6 %","69.8 %","13.6 %","8.7 %","17.4 %","26","4.06","236","492","728","46.2 %","35.1 %","18.7 %","26.3 %","50.9 %","22.8 %","12890"
"Dan Otero","Indians",".302","4.63","24.6 %","62.0 %","13.4 %","10.5 %","31.6 %","24","5.18","191","424","615","36.6 %","37.2 %","26.2 %","23.5 %","46.9 %","29.7 %","7385"
"Lance McCullers","Astros",".331","3.60","19.0 %","63.4 %","17.6 %","2.0 %","12.0 %","49","4.17","666","1126","1792","46.9 %","32.1 %","21.0 %","21.4 %","52.4 %","26.2 %","14120"
"Dallas Keuchel","Astros",".242","3.48","15.3 %","65.8 %","18.9 %","4.8 %","19.0 %","51","5.49","455","749","1204","40.3 %","38.5 %","21.2 %","28.3 %","48.2 %","23.5 %","9434"
"Richard Bleier","Orioles",".264","3.28","11.4 %","67.9 %","20.7 %","6.9 %","10.3 %","24","5.36","179","407","586","39.2 %","40.6 %","20.3 %","18.2 %","52.5 %","29.4 %","7803"
"Luis Perdomo","Padres",".344","3.10","16.7 %","63.0 %","20.3 %","9.0 %","16.4 %","58","5.00","617","1033","1650","36.5 %","44.3 %","19.2 %","17.7 %","49.7 %","32.6 %","14682"
"Marcus Stroman","Blue Jays",".311","3.00","16.6 %","62.5 %","20.8 %","4.8 %","16.7 %","94","6.12","778","1357","2135","33.7 %","38.9 %","27.3 %","21.2 %","49.0 %","29.8 %","13431"
"Dan Jennings","- - -",".250","2.96","20.8 %","59.2 %","20.0 %","11.5 %","23.1 %","17","3.38","290","462","752","38.4 %","35.3 %","26.3 %","27.8 %","46.6 %","25.6 %","8073"
"Ryan Madson","- - -",".245","2.95","25.5 %","55.7 %","18.9 %","10.0 %","10.0 %","32","6.35","229","421","650","35.2 %","41.7 %","23.2 %","27.8 %","51.9 %","20.4 %","1852"
"James Pazos","Mariners",".315","2.86","23.4 %","56.8 %","19.8 %","9.1 %","18.2 %","18","3.98","267","462","729","31.3 %","30.4 %","38.4 %","23.2 %","56.3 %","20.5 %","13323"
"Clayton Richard","Padres",".364","2.77","21.0 %","58.1 %","21.0 %","4.3 %","19.6 %","51","3.44","726","1376","2102","38.8 %","36.3 %","24.9 %","17.6 %","49.4 %","33.0 %","3551"
"Pedro Strop","Cubs",".250","2.76","6.9 %","68.3 %","24.8 %","4.0 %","12.0 %","28","6.15","289","425","714","41.8 %","32.0 %","26.2 %","23.3 %","51.5 %","25.2 %","4070"
"Alex Wood","Dodgers",".272","2.74","18.7 %","59.6 %","21.7 %","13.8 %","8.6 %","80","6.90","516","1046","1562","36.7 %","40.7 %","22.6 %","19.6 %","58.2 %","22.2 %","13781"
"Blake Treinen","- - -",".356","2.68","15.5 %","61.5 %","23.0 %","5.9 %","11.8 %","18","3.31","287","490","777","38.7 %","32.7 %","28.7 %","20.7 %","52.7 %","26.7 %","12572"
"Jared Hughes","Brewers",".308","2.67","18.9 %","59.0 %","22.1 %","7.4 %","11.1 %","13","2.70","273","410","683","40.7 %","41.5 %","17.9 %","21.1 %","40.7 %","38.2 %","9325"
"Tyler Chatwood","Rockies",".274","2.56","20.2 %","57.4 %","22.4 %","4.2 %","23.9 %","55","4.39","783","1107","1890","37.3 %","38.2 %","24.5 %","22.3 %","48.9 %","28.8 %","4338"
"Brandon Kintzler","- - -",".266","2.50","22.8 %","55.2 %","22.1 %","15.6 %","9.4 %","5","0.95","287","484","771","37.0 %","39.7 %","23.3 %","20.6 %","54.8 %","24.7 %","9939"
"Joakim Soria","Royals",".344","2.46","20.5 %","56.6 %","23.0 %","3.6 %","3.6 %","17","3.28","302","521","823","37.4 %","35.8 %","26.8 %","17.9 %","57.7 %","24.4 %","6941"
"Bryan Shaw","Indians",".302","2.46","18.8 %","57.7 %","23.5 %","14.3 %","8.6 %","33","5.82","287","522","809","32.2 %","36.2 %","31.6 %","30.3 %","46.7 %","23.0 %","8110"
"Sonny Gray","- - -",".281","2.45","20.8 %","56.3 %","22.9 %","3.0 %","12.1 %","56","4.89","634","1055","1689","45.1 %","32.1 %","22.9 %","17.4 %","54.6 %","28.0 %","12768"
"Mike Montgomery","Cubs",".274","2.39","18.0 %","57.8 %","24.2 %","1.7 %","11.9 %","40","4.17","568","864","1432","41.1 %","37.9 %","21.0 %","20.2 %","46.4 %","33.5 %","4869"
"Mike Leake","Cardinals",".289","2.37","20.6 %","55.8 %","23.6 %","5.0 %","13.9 %","62","4.14","698","1303","2001","45.7 %","35.6 %","18.7 %","15.5 %","53.1 %","31.4 %","10130"
"Scott Oberg","Rockies",".391","2.29","19.4 %","56.1 %","24.5 %","8.8 %","8.8 %","18","3.80","257","481","738","38.3 %","36.2 %","25.5 %","16.3 %","53.2 %","30.5 %","13911"
"Zack Godley","Diamondbacks",".252","2.29","19.3 %","56.1 %","24.6 %","7.1 %","10.7 %","47","4.48","520","890","1410","35.4 %","45.0 %","19.6 %","20.8 %","50.8 %","28.3 %","14862"
"Jeremy Jeffress","- - -",".331","2.28","20.5 %","55.3 %","24.2 %","3.1 %","25.0 %","27","5.88","260","449","709","38.5 %","43.7 %","17.8 %","24.4 %","44.4 %","31.1 %","9490"
"Michael Lorenzen","Reds",".288","2.27","18.8 %","56.4 %","24.8 %","4.9 %","14.6 %","21","3.32","350","582","932","37.3 %","35.5 %","27.2 %","18.9 %","52.1 %","29.0 %","14843"
"Blake Wood","Reds",".345","2.23","21.5 %","54.2 %","24.3 %","8.6 %","8.6 %","6","1.03","336","544","880","34.5 %","39.3 %","26.2 %","20.0 %","49.7 %","30.3 %","1345"
"Matt Barnes","Red Sox",".272","2.23","21.3 %","54.3 %","24.4 %","12.9 %","9.7 %","34","5.77","357","550","907","34.4 %","33.6 %","32.0 %","24.2 %","48.4 %","27.3 %","12863"
"Oliver Drake","- - -",".371","2.22","26.3 %","50.8 %","22.9 %","7.4 %","18.5 %","29","6.21","270","500","770","38.0 %","34.7 %","27.3 %","11.6 %","52.1 %","36.4 %","8823"
"Jameson Taillon","Pirates",".368","2.14","25.1 %","51.0 %","23.9 %","10.3 %","12.1 %","36","4.07","505","877","1382","44.2 %","29.7 %","26.1 %","23.3 %","47.8 %","28.9 %","11674"
"Joe Biagini","Blue Jays",".298","2.13","16.6 %","56.8 %","26.6 %","5.8 %","13.0 %","29","3.02","481","885","1366","47.0 %","29.2 %","23.9 %","18.6 %","50.4 %","31.1 %","13194"
"Jaime Garcia","- - -",".296","2.08","17.6 %","55.6 %","26.7 %","5.0 %","12.0 %","69","4.99","680","1171","1851","44.5 %","33.7 %","21.8 %","21.8 %","49.7 %","28.4 %","8137"
"Trevor Cahill","- - -",".332","2.04","17.4 %","55.4 %","27.2 %","5.7 %","18.9 %","36","4.65","470","736","1206","46.2 %","34.5 %","19.3 %","20.8 %","49.2 %","30.0 %","6249"
"Aaron Loup","Blue Jays",".328","2.03","17.8 %","55.1 %","27.1 %","0.0 %","12.5 %","24","5.27","263","462","725","35.8 %","33.3 %","30.9 %","21.1 %","53.7 %","25.2 %","10343"
"Jacob Barnes","Brewers",".290","2.03","20.6 %","53.2 %","26.2 %","12.1 %","18.2 %","19","3.47","319","542","861","36.9 %","36.2 %","26.9 %","22.3 %","46.9 %","30.8 %","12323"
"Kyle Freeland","Rockies",".287","2.03","16.3 %","56.1 %","27.6 %","12.1 %","14.0 %","85","6.29","754","1212","1966","41.2 %","33.4 %","25.4 %","24.4 %","46.2 %","29.4 %","16256"
"Kyle Gibson","Twins",".330","2.00","21.9 %","52.1 %","26.0 %","3.4 %","19.3 %","70","6.30","668","1026","1694","46.9 %","36.4 %","16.7 %","14.4 %","49.3 %","36.4 %","10123"
"Chris Rusin","Rockies",".258","1.98","18.5 %","54.2 %","27.4 %","0.0 %","15.2 %","20","3.09","304","544","848","44.7 %","34.7 %","20.6 %","17.1 %","59.4 %","23.5 %","9895"
"Luis Castillo","Reds",".254","1.98","11.3 %","58.9 %","29.8 %","7.1 %","19.0 %","25","4.14","355","556","911","35.2 %","34.5 %","30.3 %","21.8 %","50.0 %","28.2 %","15689"
"Matt Bowman","Cardinals",".264","1.97","16.8 %","55.2 %","28.0 %","11.4 %","11.4 %","36","7.36","279","455","734","45.0 %","31.0 %","24.0 %","20.9 %","53.5 %","25.6 %","13528"
"Robert Gsellman","Mets",".331","1.96","19.8 %","53.1 %","27.1 %","8.5 %","18.3 %","51","6.04","493","844","1337","36.3 %","35.2 %","28.5 %","20.2 %","46.1 %","33.7 %","13696"
"Vance Worley","Marlins",".341","1.94","21.9 %","51.6 %","26.6 %","8.8 %","8.8 %","24","5.31","248","424","672","37.2 %","37.2 %","25.6 %","14.0 %","44.2 %","41.9 %","6435"
"Wade Miley","Orioles",".336","1.93","23.5 %","50.4 %","26.1 %","8.7 %","19.6 %","71","5.59","950","1286","2236","40.3 %","36.1 %","23.6 %","16.9 %","48.6 %","34.4 %","8779"
"Drew Storen","Reds",".273","1.89","19.2 %","52.8 %","28.0 %","5.7 %","14.3 %","33","6.75","235","449","684","47.6 %","27.0 %","25.4 %","21.4 %","50.8 %","27.8 %","6983"
"Wandy Peralta","Reds",".248","1.87","13.8 %","56.2 %","30.0 %","7.7 %","15.4 %","32","5.96","244","479","723","39.7 %","36.6 %","23.7 %","19.9 %","52.7 %","27.5 %","14295"
"Jhan Marinez","- - -",".329","1.86","19.7 %","52.2 %","28.0 %","2.3 %","13.6 %","20","3.55","321","528","849","42.2 %","36.7 %","21.1 %","14.9 %","56.5 %","28.6 %","5830"
"Charlie Morton","Astros",".285","1.82","20.1 %","51.6 %","28.3 %","11.1 %","15.3 %","81","7.65","573","970","1543","42.6 %","33.2 %","24.2 %","23.4 %","48.1 %","28.5 %","4676"
"Jordan Lyles","Rockies",".331","1.80","19.9 %","51.6 %","28.6 %","10.9 %","23.9 %","15","2.89","304","498","802","40.1 %","35.2 %","24.7 %","19.1 %","46.9 %","34.0 %","7593"
"Dellin Betances","Yankees",".294","1.80","18.8 %","52.2 %","29.0 %","15.0 %","5.0 %","36","7.90","318","447","765","39.1 %","39.1 %","21.7 %","30.4 %","50.7 %","18.8 %","6216"
"Felipe Rivero","Pirates",".190","1.79","14.8 %","54.7 %","30.5 %","17.9 %","7.7 %","28","4.53","264","560","824","35.7 %","39.5 %","24.8 %","23.3 %","55.0 %","21.7 %","12076"
"Luis Garcia","Phillies",".266","1.79","16.1 %","53.8 %","30.1 %","4.7 %","4.7 %","19","3.56","250","407","657","31.7 %","38.6 %","29.7 %","22.8 %","53.8 %","23.5 %","6984"
"Paul Blackburn","Athletics",".236","1.79","18.4 %","52.4 %","29.3 %","4.7 %","7.0 %","26","5.20","283","400","683","34.0 %","41.5 %","24.5 %","19.1 %","58.5 %","22.5 %","14739"
"Jhoulys Chacin","Padres",".276","1.75","18.5 %","51.9 %","29.6 %","14.7 %","13.8 %","62","4.42","727","1264","1991","38.0 %","36.6 %","25.4 %","21.4 %","50.0 %","28.6 %","2608"
"Adam Wainwright","Cardinals",".325","1.75","24.6 %","48.0 %","27.5 %","11.6 %","12.6 %","71","5.79","709","1195","1904","40.9 %","31.1 %","28.0 %","21.7 %","48.3 %","30.0 %","2233"
"Luis Severino","Yankees",".293","1.74","18.9 %","51.5 %","29.7 %","10.8 %","11.8 %","78","5.29","722","1405","2127","39.3 %","37.5 %","23.2 %","19.2 %","51.6 %","29.2 %","15890"
"Jimmy Nelson","Brewers",".328","1.73","21.1 %","50.0 %","28.9 %","6.8 %","13.6 %","80","5.39","674","1408","2082","35.4 %","35.6 %","29.0 %","21.8 %","47.0 %","31.2 %","10547"
"Kyle Hendricks","Cubs",".274","1.73","21.4 %","49.8 %","28.8 %","10.6 %","16.7 %","36","4.15","480","822","1302","42.3 %","33.3 %","24.4 %","22.7 %","41.9 %","35.5 %","12049"
"Jon Gray","Rockies",".355","1.73","23.1 %","48.7 %","28.2 %","11.4 %","13.6 %","43","7.59","316","555","871","36.7 %","38.0 %","25.3 %","24.1 %","45.6 %","30.4 %","14916"
"CC Sabathia","Yankees",".270","1.70","19.6 %","50.7 %","29.7 %","5.7 %","13.6 %","64","5.80","587","1006","1593","41.2 %","38.2 %","20.6 %","22.6 %","46.8 %","30.6 %","404"
"Michael Fulmer","Tigers",".275","1.69","21.0 %","49.7 %","29.3 %","10.2 %","7.9 %","89","5.71","736","1345","2081","40.1 %","35.1 %","24.8 %","17.4 %","52.8 %","29.8 %","13218"
"Hector Rondon","Cubs",".290","1.69","18.1 %","51.4 %","30.5 %","12.5 %","15.6 %","18","3.74","273","490","763","42.9 %","38.1 %","19.1 %","20.0 %","52.4 %","27.6 %","2391"
"Carlos Martinez","Cardinals",".280","1.68","18.8 %","51.0 %","30.2 %","9.9 %","15.3 %","67","4.30","743","1392","2135","41.0 %","35.3 %","23.7 %","18.1 %","48.0 %","34.0 %","11682"
"Ross Stripling","Dodgers",".336","1.68","25.2 %","46.9 %","27.9 %","9.8 %","9.8 %","22","3.88","285","548","833","27.3 %","38.7 %","34.0 %","18.7 %","58.0 %","23.3 %","13273"
"Cole Hamels","Rangers",".235","1.68","18.0 %","51.4 %","30.6 %","6.4 %","11.5 %","76","8.02","486","789","1275","39.5 %","36.7 %","23.8 %","13.3 %","48.4 %","38.3 %","4972"
"Blake Parker","Angels",".243","1.68","15.7 %","52.8 %","31.5 %","8.8 %","8.8 %","31","5.77","267","493","760","41.8 %","34.6 %","23.6 %","23.6 %","43.6 %","32.7 %","5224"
"Michael Pineda","Yankees",".302","1.66","18.6 %","50.9 %","30.6 %","7.9 %","22.5 %","68","6.35","530","1023","1553","41.7 %","37.0 %","21.4 %","20.0 %","49.8 %","30.2 %","5372"
"Zach Davies","Brewers",".295","1.66","21.6 %","48.9 %","29.5 %","9.7 %","13.7 %","102","6.99","839","1361","2200","38.6 %","37.7 %","23.7 %","19.7 %","51.5 %","28.8 %","13183"
"Ivan Nova","Pirates",".288","1.66","23.3 %","47.8 %","28.9 %","8.4 %","16.0 %","67","4.23","645","1292","1937","40.4 %","39.3 %","20.3 %","18.0 %","48.9 %","33.1 %","1994"
"Matt Albers","Nationals",".240","1.65","18.8 %","50.5 %","30.7 %","19.4 %","16.1 %","17","3.79","255","417","672","36.2 %","34.3 %","29.5 %","33.3 %","47.6 %","19.1 %","4300"
"Patrick Corbin","Diamondbacks",".353","1.64","20.4 %","49.5 %","30.2 %","10.0 %","17.5 %","75","5.50","732","1326","2058","36.0 %","39.5 %","24.5 %","17.3 %","49.5 %","33.3 %","9323"
"Wade LeBlanc","Pirates",".279","1.64","24.6 %","46.9 %","28.6 %","6.0 %","14.0 %","24","3.79","322","566","888","47.5 %","33.5 %","19.0 %","20.7 %","47.5 %","31.8 %","5221"
"Andrew Cashner","Rangers",".275","1.63","18.7 %","50.4 %","30.9 %","6.6 %","7.5 %","58","4.88","644","1049","1693","41.9 %","36.7 %","21.4 %","18.5 %","52.0 %","29.5 %","8782"
"Brad Hand","Padres",".276","1.62","21.8 %","48.4 %","29.8 %","5.4 %","10.8 %","14","2.25","314","556","870","40.2 %","32.3 %","27.6 %","19.7 %","54.3 %","26.0 %","9111"
"Craig Stammen","Padres",".260","1.62","16.6 %","51.5 %","31.9 %","5.8 %","21.2 %","19","2.98","342","590","932","41.8 %","38.8 %","19.4 %","20.0 %","48.5 %","31.5 %","7274"
"JC Ramirez","Angels",".291","1.61","19.4 %","49.7 %","30.9 %","6.6 %","15.7 %","55","3.82","744","1295","2039","37.3 %","37.0 %","25.7 %","16.6 %","48.1 %","35.3 %","8302"
"Martin Perez","Rangers",".350","1.61","25.7 %","45.8 %","28.5 %","7.1 %","14.2 %","53","4.08","782","1221","2003","38.8 %","35.1 %","26.1 %","14.7 %","48.8 %","36.6 %","6902"
"Archie Bradley","Diamondbacks",".276","1.61","20.8 %","48.8 %","30.4 %","13.2 %","7.9 %","32","5.80","252","526","778","30.2 %","37.3 %","32.5 %","22.2 %","47.6 %","30.2 %","12918"
"Trevor Williams","Pirates",".299","1.60","19.4 %","49.7 %","31.0 %","14.6 %","9.4 %","52","4.74","544","1043","1587","37.6 %","34.8 %","27.6 %","25.1 %","45.5 %","29.5 %","16977"
"Michael Wacha","Cardinals",".321","1.60","22.1 %","47.9 %","30.0 %","5.4 %","12.0 %","63","5.12","632","1182","1814","40.6 %","30.0 %","29.4 %","20.1 %","51.1 %","28.8 %","14078"
"Austin Pruitt","Rays",".362","1.60","24.8 %","46.2 %","29.0 %","14.3 %","11.9 %","28","5.86","242","458","700","37.7 %","33.6 %","28.8 %","17.1 %","50.7 %","32.2 %","15290"
"Kendall Graveman","Athletics",".307","1.59","20.6 %","48.8 %","30.6 %","6.1 %","14.3 %","21","3.86","286","494","780","37.5 %","41.3 %","21.3 %","19.4 %","47.5 %","33.1 %","15514"
"Zack Wheeler","Mets",".332","1.58","22.6 %","47.5 %","30.0 %","6.5 %","19.5 %","36","3.75","575","986","1561","37.4 %","36.3 %","26.3 %","18.3 %","48.9 %","32.8 %","10310"
"Antonio Senzatela","Rockies",".267","1.58","20.4 %","48.8 %","30.9 %","6.0 %","17.0 %","92","7.71","657","1090","1747","39.3 %","33.8 %","26.8 %","18.0 %","52.7 %","29.3 %","15488"
"Mark Leiter","Phillies",".241","1.58","16.9 %","50.8 %","32.2 %","5.3 %","18.4 %","12","2.61","277","431","708","44.5 %","31.9 %","23.5 %","23.5 %","51.3 %","25.2 %","15551"
"Jesse Hahn","Athletics",".326","1.56","25.2 %","45.6 %","29.2 %","7.6 %","6.1 %","32","4.13","470","739","1209","37.4 %","35.7 %","27.0 %","19.1 %","50.4 %","30.4 %","13287"
"Jon Lester","Cubs",".296","1.56","18.8 %","49.4 %","31.8 %","6.1 %","16.5 %","81","5.44","852","1437","2289","41.9 %","35.7 %","22.4 %","21.4 %","52.2 %","26.5 %","4930"
"George Kontos","Giants",".308","1.56","21.2 %","47.9 %","30.8 %","4.4 %","17.8 %","22","3.83","276","543","819","45.7 %","37.1 %","17.2 %","17.2 %","52.3 %","30.5 %","9486"
"Aaron Nola","Phillies",".301","1.55","18.4 %","49.7 %","31.9 %","7.6 %","10.9 %","60","5.13","571","1091","1662","41.2 %","36.0 %","22.8 %","23.9 %","46.4 %","29.8 %","16149"
"Cory Gearrin","Giants",".283","1.55","22.5 %","47.1 %","30.4 %","11.9 %","4.8 %","26","4.59","314","489","803","32.1 %","42.1 %","25.7 %","23.6 %","51.4 %","25.0 %","7947"
"Tyler Duffey","Twins",".322","1.54","15.9 %","51.0 %","33.1 %","4.0 %","12.0 %","20","3.60","245","520","765","43.9 %","39.4 %","16.8 %","18.7 %","40.7 %","40.7 %","13758"
"Raisel Iglesias","Reds",".244","1.54","21.4 %","47.6 %","31.0 %","2.6 %","7.7 %","16","2.68","296","554","850","41.3 %","31.0 %","27.8 %","12.7 %","63.5 %","23.8 %","17130"
"David Phelps","- - -",".319","1.54","24.1 %","46.0 %","29.9 %","2.4 %","12.2 %","23","3.86","333","582","915","34.3 %","35.7 %","30.0 %","15.0 %","52.1 %","32.9 %","6316"
"Bud Norris","Angels",".273","1.53","22.1 %","47.1 %","30.8 %","21.9 %","15.6 %","9","1.85","296","485","781","36.5 %","26.0 %","37.5 %","16.4 %","53.9 %","29.8 %","9492"
"Scott Feldman","Reds",".296","1.53","27.6 %","43.8 %","28.6 %","10.6 %","17.6 %","54","4.69","671","1103","1774","40.3 %","33.4 %","26.3 %","21.4 %","47.4 %","31.2 %","6283"
"Andrew Triggs","Athletics",".294","1.53","17.7 %","49.8 %","32.5 %","5.9 %","13.2 %","32","4.41","419","665","1084","36.2 %","37.1 %","26.7 %","15.2 %","58.1 %","26.7 %","13533"
"Jim Johnson","Braves",".311","1.51","20.3 %","48.0 %","31.7 %","10.3 %","7.7 %","9","1.77","271","492","763","32.8 %","39.2 %","28.0 %","29.6 %","48.0 %","22.4 %","3656"
"Hyun-Jin Ryu","Dodgers",".322","1.51","22.6 %","46.5 %","30.9 %","6.7 %","20.0 %","30","3.19","492","868","1360","44.8 %","29.8 %","25.4 %","19.0 %","46.0 %","35.1 %","14444"
"James Paxton","Mariners",".301","1.51","22.6 %","46.5 %","30.9 %","13.5 %","5.6 %","71","5.64","653","1230","1883","38.8 %","28.2 %","33.0 %","17.5 %","52.2 %","30.2 %","11828"
"Trevor Bauer","Indians",".343","1.50","22.5 %","46.5 %","31.0 %","11.2 %","15.3 %","63","5.00","817","1282","2099","38.9 %","33.6 %","27.4 %","14.3 %","50.2 %","35.5 %","12703"
"Taylor Rogers","Twins",".286","1.50","21.5 %","47.1 %","31.4 %","2.6 %","15.8 %","32","6.97","223","420","643","36.0 %","38.4 %","25.6 %","18.4 %","49.6 %","32.0 %","13449"
"Dustin McGowan","Marlins",".245","1.49","17.0 %","49.7 %","33.3 %","10.9 %","10.9 %","30","4.76","312","493","805","40.2 %","42.0 %","17.8 %","21.9 %","45.6 %","32.5 %","8600"
"Alex Meyer","Angels",".255","1.49","22.4 %","46.5 %","31.2 %","11.3 %","11.3 %","33","4.41","480","689","1169","40.9 %","35.1 %","24.0 %","19.3 %","47.4 %","33.3 %","12833"
"Masahiro Tanaka","Yankees",".311","1.49","18.2 %","48.9 %","32.9 %","10.6 %","22.0 %","74","5.14","689","1366","2055","45.6 %","37.1 %","17.2 %","18.3 %","49.9 %","31.8 %","15764"
"Corey Kluber","Indians",".291","1.48","19.2 %","48.2 %","32.6 %","10.0 %","14.4 %","73","5.31","586","1234","1820","42.1 %","35.6 %","22.3 %","22.3 %","47.5 %","30.2 %","2429"
"Tanner Roark","Nationals",".304","1.48","20.8 %","47.2 %","32.0 %","6.7 %","12.5 %","79","5.69","838","1399","2237","43.1 %","31.6 %","25.3 %","15.1 %","56.1 %","28.7 %","8753"
"Juan Nicasio","Pirates",".291","1.46","23.5 %","45.5 %","31.1 %","7.3 %","4.9 %","16","2.86","292","574","866","29.6 %","40.0 %","30.4 %","18.5 %","51.1 %","30.4 %","7731"
"R.A. Dickey","Braves",".274","1.46","17.8 %","48.8 %","33.4 %","11.7 %","13.9 %","64","4.30","718","1358","2076","38.1 %","35.7 %","26.2 %","23.8 %","50.0 %","26.2 %","1245"
"Randall Delgado","Diamondbacks",".302","1.46","22.7 %","45.9 %","31.5 %","10.5 %","10.5 %","17","2.44","377","673","1050","36.2 %","32.4 %","31.4 %","20.5 %","52.4 %","27.0 %","5985"
"Alex Cobb","Rays",".276","1.45","22.8 %","45.7 %","31.5 %","7.5 %","12.3 %","72","4.41","837","1453","2290","43.0 %","35.7 %","21.4 %","14.3 %","48.1 %","37.6 %","6562"
"Steven Matz","Mets",".327","1.44","21.9 %","46.1 %","32.0 %","12.3 %","17.5 %","22","3.78","323","570","893","34.3 %","37.6 %","28.2 %","21.0 %","45.3 %","33.7 %","13361"
"Luke Gregerson","Astros",".306","1.44","16.7 %","49.1 %","34.2 %","12.8 %","17.9 %","29","6.12","248","437","685","46.1 %","36.5 %","17.4 %","26.1 %","45.2 %","28.7 %","4090"
"Trevor Rosenthal","Cardinals",".330","1.43","26.1 %","43.5 %","30.4 %","10.7 %","7.1 %","11","2.23","277","531","808","32.3 %","33.3 %","34.4 %","20.4 %","54.8 %","24.7 %","10745"
"Mike Pelfrey","White Sox",".268","1.42","16.1 %","49.3 %","34.6 %","8.1 %","15.2 %","49","4.94","677","985","1662","40.8 %","36.9 %","22.3 %","21.6 %","48.1 %","30.3 %","5203"
"Jake Arrieta","Cubs",".273","1.42","21.1 %","46.3 %","32.7 %","6.8 %","14.4 %","91","6.42","776","1308","2084","41.0 %","35.7 %","23.3 %","21.6 %","50.1 %","28.3 %","4153"
"Daniel Gossett","Athletics",".291","1.41","23.5 %","44.8 %","31.7 %","6.9 %","19.0 %","33","5.50","325","587","912","37.1 %","38.2 %","24.7 %","16.7 %","53.2 %","30.1 %","16164"
"Erasmo Ramirez","- - -",".282","1.41","17.4 %","48.4 %","34.2 %","4.0 %","16.0 %","31","3.84","352","731","1083","43.0 %","34.4 %","22.6 %","14.0 %","43.9 %","42.1 %","10314"
"Felix Hernandez","Mariners",".306","1.41","24.8 %","44.0 %","31.2 %","8.8 %","23.5 %","44","5.38","423","768","1191","45.7 %","32.6 %","21.7 %","20.4 %","48.9 %","30.8 %","4772"
"Clayton Kershaw","Dodgers",".251","1.41","19.0 %","47.4 %","33.6 %","12.2 %","15.7 %","85","5.41","638","1389","2027","42.5 %","35.6 %","21.8 %","24.4 %","47.4 %","28.2 %","2036"
"Edinson Volquez","Marlins",".278","1.41","21.7 %","45.8 %","32.5 %","7.4 %","9.9 %","47","4.58","598","918","1516","43.9 %","35.8 %","20.4 %","20.0 %","45.8 %","34.2 %","3990"
"Ty Blach","Giants",".297","1.40","22.3 %","45.3 %","32.4 %","8.4 %","7.6 %","61","4.54","646","1178","1824","37.2 %","31.4 %","31.4 %","19.7 %","48.7 %","31.7 %","14361"
"Sam Gaviglio","Mariners",".265","1.39","17.7 %","47.9 %","34.4 %","7.6 %","22.7 %","31","4.48","351","608","959","49.5 %","29.1 %","21.4 %","14.8 %","51.0 %","34.2 %","12778"
"Taijuan Walker","Diamondbacks",".282","1.39","19.9 %","46.6 %","33.6 %","7.8 %","10.7 %","65","5.57","642","1139","1781","34.0 %","35.6 %","30.5 %","15.4 %","50.3 %","34.3 %","11836"
"J.A. Happ","Blue Jays",".287","1.38","19.7 %","46.6 %","33.7 %","7.9 %","16.9 %","31","3.28","518","931","1449","39.1 %","33.1 %","27.8 %","20.7 %","49.6 %","29.7 %","7410"
"Gerrit Cole","Pirates",".297","1.38","19.9 %","46.5 %","33.7 %","10.8 %","15.8 %","71","4.58","795","1482","2277","39.7 %","32.2 %","28.2 %","24.4 %","44.6 %","31.0 %","13125"
"Mike Bolsinger","Blue Jays",".331","1.38","15.7 %","48.8 %","35.4 %","11.1 %","20.0 %","17","3.70","284","472","756","47.2 %","33.9 %","18.9 %","15.0 %","55.1 %","29.9 %","11137"
"Tony Watson","- - -",".329","1.37","24.2 %","43.8 %","32.0 %","12.2 %","14.3 %","17","3.14","228","509","737","34.0 %","32.7 %","33.3 %","19.1 %","57.4 %","23.5 %","3132"
"Brent Suter","Brewers",".310","1.37","21.6 %","45.3 %","33.1 %","12.2 %","8.2 %","27","4.83","258","544","802","30.9 %","38.9 %","30.2 %","22.8 %","49.0 %","28.2 %","13942"
"Matt Andriese","Rays",".285","1.36","19.6 %","46.4 %","34.1 %","14.8 %","16.4 %","43","6.34","369","664","1033","37.4 %","34.6 %","28.0 %","16.5 %","42.9 %","40.7 %","12022"
"Brett Cecil","Cardinals",".323","1.36","19.5 %","46.3 %","34.1 %","14.3 %","11.9 %","12","2.49","230","423","653","40.2 %","34.9 %","25.0 %","19.7 %","43.2 %","37.1 %","2660"
"Tyler Anderson","Rockies",".337","1.35","24.2 %","43.5 %","32.3 %","10.0 %","25.0 %","43","6.11","383","719","1102","38.3 %","37.8 %","23.8 %","23.3 %","46.1 %","30.6 %","12880"
"Matt Harvey","Mets",".252","1.35","21.0 %","45.3 %","33.6 %","9.7 %","22.2 %","54","6.91","446","778","1224","41.7 %","33.0 %","25.2 %","25.2 %","39.9 %","34.9 %","11713"
"Jeff Samardzija","Giants",".322","1.34","23.8 %","43.7 %","32.5 %","7.5 %","16.4 %","65","4.08","736","1518","2254","38.5 %","35.3 %","26.2 %","21.2 %","49.8 %","29.1 %","3254"
"Shane Greene","Tigers",".233","1.34","15.6 %","48.4 %","36.1 %","4.5 %","6.8 %","29","5.26","306","492","798","38.2 %","33.3 %","28.5 %","13.8 %","44.7 %","41.5 %","10756"
"Wily Peralta","Brewers",".362","1.33","22.0 %","44.5 %","33.5 %","6.6 %","16.4 %","37","5.81","439","682","1121","43.5 %","28.3 %","28.3 %","17.4 %","47.8 %","34.8 %","7738"
"Eddie Butler","Cubs",".266","1.33","22.4 %","44.3 %","33.3 %","13.8 %","6.9 %","25","4.12","360","558","918","45.8 %","33.9 %","20.3 %","20.3 %","48.0 %","31.6 %","13453"
"Yovani Gallardo","Mariners",".287","1.31","19.4 %","45.7 %","34.9 %","18.6 %","13.3 %","66","5.79","682","1058","1740","36.8 %","34.7 %","28.6 %","20.1 %","47.4 %","32.5 %","8173"
"Nathan Karns","Royals",".283","1.30","12.4 %","49.6 %","38.0 %","2.2 %","19.6 %","24","4.76","275","474","749","41.0 %","34.4 %","24.6 %","23.0 %","45.1 %","32.0 %","12638"
"Carlos Torres","Brewers",".315","1.30","18.8 %","45.9 %","35.3 %","3.3 %","13.3 %","22","3.64","338","604","942","36.9 %","36.9 %","26.1 %","22.2 %","54.0 %","23.9 %","7624"
"Adam Warren","Yankees",".197","1.30","14.4 %","48.3 %","37.3 %","9.1 %","4.5 %","29","5.72","267","448","715","37.0 %","39.5 %","23.5 %","16.8 %","56.3 %","26.9 %","9029"
"Zack Greinke","Diamondbacks",".279","1.29","16.7 %","46.9 %","36.4 %","10.4 %","14.1 %","97","6.13","759","1438","2197","40.6 %","37.4 %","22.0 %","21.5 %","43.5 %","35.0 %","1943"
"Kevin Gausman","Orioles",".355","1.29","23.4 %","43.1 %","33.5 %","9.1 %","15.2 %","71","5.01","888","1463","2351","34.0 %","37.0 %","29.0 %","17.9 %","47.6 %","34.5 %","14107"
"Chad Kuhl","Pirates",".320","1.28","22.9 %","43.3 %","33.7 %","7.3 %","8.3 %","62","5.10","692","1155","1847","29.9 %","41.7 %","28.4 %","17.8 %","49.2 %","32.9 %","14975"
"Drew Pomeranz","Red Sox",".317","1.28","23.8 %","42.8 %","33.4 %","10.8 %","12.6 %","90","6.71","803","1355","2158","40.7 %","32.2 %","27.1 %","21.8 %","46.0 %","32.2 %","11426"
"Jacob deGrom","Mets",".291","1.28","19.9 %","45.0 %","35.1 %","10.1 %","16.3 %","100","6.22","748","1526","2274","37.1 %","32.5 %","30.4 %","19.6 %","46.0 %","34.4 %","10954"
"Alex Colome","Rays",".272","1.28","18.0 %","46.0 %","36.0 %","9.3 %","5.6 %","15","2.66","279","505","784","38.3 %","38.3 %","23.4 %","18.2 %","52.0 %","29.9 %","6661"
"Rafael Montero","Mets",".378","1.27","17.8 %","45.9 %","36.2 %","9.0 %","11.9 %","25","3.61","429","728","1157","33.7 %","37.8 %","28.5 %","18.1 %","54.9 %","26.9 %","12760"
"Matt Cain","Giants",".329","1.27","24.6 %","42.2 %","33.2 %","8.9 %","12.2 %","44","3.75","655","1097","1752","45.1 %","36.3 %","18.6 %","15.9 %","52.8 %","31.3 %","4732"
"Kelvin Herrera","Royals",".280","1.27","19.0 %","45.2 %","35.7 %","4.4 %","17.8 %","4","0.84","226","477","703","34.1 %","36.5 %","29.4 %","16.7 %","46.8 %","36.5 %","6033"
"Brandon McCarthy","Dodgers",".297","1.26","23.6 %","42.6 %","33.7 %","20.7 %","5.7 %","54","5.61","453","892","1345","35.6 %","36.7 %","27.7 %","23.1 %","48.9 %","28.0 %","4662"
"Carlos Carrasco","Indians",".300","1.26","22.3 %","43.3 %","34.4 %","9.9 %","15.3 %","85","6.12","709","1262","1971","37.9 %","35.8 %","26.3 %","17.1 %","51.1 %","31.8 %","6632"
"Joe Musgrove","Astros",".329","1.26","21.6 %","43.7 %","34.7 %","8.6 %","17.2 %","41","4.24","461","986","1447","43.6 %","32.2 %","24.2 %","18.3 %","49.5 %","32.2 %","12970"
"Matt Belisle","Twins",".276","1.26","22.4 %","43.2 %","34.4 %","18.6 %","9.3 %","5","1.05","209","471","680","33.1 %","37.0 %","29.9 %","22.8 %","51.2 %","26.0 %","1837"
"Sean Manaea","Athletics",".304","1.25","19.4 %","44.8 %","35.8 %","5.1 %","10.2 %","67","5.20","661","1227","1888","37.5 %","36.6 %","25.8 %","16.2 %","50.5 %","33.3 %","15873"
"Carl Edwards Jr.","Cubs",".188","1.25","23.2 %","42.7 %","34.1 %","3.6 %","14.3 %","12","2.45","309","474","783","33.7 %","37.4 %","28.9 %","22.9 %","50.6 %","26.5 %","13607"
"Vince Velasquez","Phillies",".298","1.24","22.3 %","43.1 %","34.7 %","8.6 %","20.0 %","26","3.30","427","810","1237","42.9 %","30.7 %","26.3 %","15.1 %","46.8 %","38.1 %","11189"
"Gio Gonzalez","Nationals",".241","1.24","18.4 %","45.2 %","36.4 %","9.5 %","11.7 %","78","4.93","926","1408","2334","44.0 %","33.4 %","22.5 %","21.8 %","48.7 %","29.5 %","7448"
"Stephen Strasburg","Nationals",".283","1.24","19.7 %","44.4 %","35.9 %","9.7 %","10.6 %","76","5.62","647","1331","1978","34.5 %","39.2 %","26.3 %","20.1 %","53.3 %","26.7 %","10131"
"Zach Eflin","Phillies",".301","1.24","18.0 %","45.3 %","36.6 %","3.4 %","18.6 %","19","3.64","262","490","752","40.7 %","35.9 %","23.4 %","15.6 %","49.7 %","34.7 %","13774"
"Fernando Salas","Mets",".379","1.23","18.3 %","45.1 %","36.6 %","9.6 %","13.5 %","13","2.60","289","570","859","40.8 %","32.0 %","27.2 %","18.4 %","44.2 %","37.4 %","4971"
"Warwick Saupold","Tigers",".246","1.22","17.1 %","45.5 %","37.4 %","15.2 %","13.0 %","20","4.50","244","377","621","42.7 %","29.8 %","27.4 %","13.7 %","50.0 %","36.3 %","13211"
"Jorge de la Rosa","Diamondbacks",".263","1.20","16.4 %","45.7 %","37.9 %","6.8 %","13.6 %","42","9.45","253","407","660","30.8 %","35.8 %","33.3 %","17.5 %","50.0 %","32.5 %","2047"
"Brian Duensing","Cubs",".288","1.20","19.2 %","44.2 %","36.7 %","9.1 %","11.4 %","23","4.47","288","472","760","34.2 %","34.2 %","31.7 %","21.1 %","51.2 %","27.6 %","4064"
"Jose Ramirez","Braves",".213","1.20","11.8 %","48.2 %","40.0 %","4.5 %","9.1 %","24","4.84","257","464","721","28.6 %","38.4 %","33.0 %","19.6 %","48.2 %","32.1 %","10171"
"Ubaldo Jimenez","Orioles",".297","1.20","19.0 %","44.2 %","36.8 %","9.3 %","19.5 %","52","4.43","734","1134","1868","38.7 %","35.6 %","25.8 %","17.8 %","46.3 %","35.9 %","3374"
"Tyler Glasnow","Pirates",".366","1.20","21.0 %","43.1 %","35.9 %","9.2 %","18.5 %","42","6.96","407","635","1042","38.0 %","37.0 %","25.0 %","18.5 %","48.9 %","32.6 %","14374"
"Mike Fiers","Astros",".277","1.20","19.1 %","44.1 %","36.8 %","8.3 %","19.8 %","62","4.73","734","1268","2002","45.4 %","33.3 %","21.3 %","20.1 %","49.6 %","30.3 %","7754"
"Bartolo Colon","- - -",".351","1.20","20.1 %","43.6 %","36.4 %","11.2 %","12.9 %","56","5.77","476","969","1445","36.0 %","37.8 %","26.2 %","19.5 %","45.1 %","35.4 %","375"
"Liam Hendriks","Athletics",".333","1.18","21.3 %","42.6 %","36.1 %","2.3 %","13.6 %","23","4.60","316","560","876","31.7 %","43.1 %","25.2 %","12.2 %","52.9 %","35.0 %","3548"
"Kyle Barraclough","Marlins",".295","1.18","20.7 %","43.0 %","36.4 %","11.4 %","6.8 %","30","5.83","341","482","823","43.2 %","27.2 %","29.6 %","17.6 %","57.6 %","24.8 %","13713"
"Francisco Liriano","- - -",".329","1.18","18.8 %","43.9 %","37.3 %","8.4 %","11.6 %","51","5.49","629","895","1524","42.7 %","34.2 %","23.1 %","16.5 %","53.1 %","30.4 %","3201"
"Seth Lugo","Mets",".296","1.17","24.3 %","40.8 %","35.0 %","8.3 %","13.9 %","40","5.68","344","642","986","44.0 %","35.4 %","20.6 %","17.7 %","47.9 %","34.5 %","12447"
"Adalberto Mejia","Twins",".309","1.16","22.1 %","41.9 %","36.0 %","11.8 %","12.9 %","47","5.06","551","932","1483","41.0 %","36.0 %","23.0 %","20.3 %","47.9 %","31.8 %","13188"
"Mychal Givens","Orioles",".242","1.15","18.0 %","43.9 %","38.1 %","11.3 %","13.2 %","42","6.96","317","586","903","41.7 %","32.4 %","25.9 %","23.7 %","44.6 %","31.7 %","10430"
"German Marquez","Rockies",".310","1.15","21.9 %","41.8 %","36.4 %","10.2 %","10.2 %","67","5.85","579","1111","1690","37.7 %","35.3 %","27.0 %","15.3 %","49.3 %","35.3 %","15038"
"John Lackey","Cubs",".275","1.15","19.2 %","43.1 %","37.6 %","10.2 %","19.7 %","66","4.96","701","1276","1977","42.1 %","32.7 %","25.2 %","15.0 %","50.7 %","34.3 %","1507"
"Chris Tillman","Orioles",".382","1.14","25.8 %","39.6 %","34.6 %","12.0 %","19.3 %","25","3.38","555","774","1329","46.1 %","30.3 %","23.7 %","18.3 %","46.1 %","35.7 %","5279"
"Jose Quintana","- - -",".293","1.12","19.8 %","42.4 %","37.8 %","11.5 %","14.6 %","64","4.49","836","1346","2182","41.7 %","32.9 %","25.4 %","17.4 %","49.4 %","33.1 %","11423"
"Chris Archer","Rays",".325","1.12","22.7 %","40.9 %","36.5 %","10.7 %","12.1 %","101","6.14","876","1567","2443","35.5 %","35.0 %","29.6 %","15.4 %","46.0 %","38.6 %","6345"
"Nick Martinez","Rangers",".259","1.12","21.1 %","41.7 %","37.2 %","12.1 %","17.2 %","38","4.48","458","793","1251","38.1 %","39.9 %","22.0 %","20.5 %","50.8 %","28.7 %","12730"
"Matt Garza","Brewers",".274","1.12","19.7 %","42.4 %","37.9 %","13.7 %","8.8 %","46","4.70","509","882","1391","39.4 %","32.6 %","28.0 %","17.9 %","49.5 %","32.6 %","3340"
"Chris Beck","White Sox",".277","1.11","20.0 %","42.1 %","37.9 %","7.5 %","18.9 %","19","3.80","300","464","764","43.6 %","30.7 %","25.7 %","15.7 %","50.7 %","33.6 %","13418"
"Lance Lynn","Cardinals",".221","1.11","18.0 %","43.2 %","38.8 %","11.3 %","15.5 %","74","5.02","891","1359","2250","36.9 %","34.8 %","28.3 %","19.4 %","50.7 %","29.9 %","2520"
"Johnny Cueto","Giants",".302","1.11","25.4 %","39.2 %","35.4 %","11.4 %","15.4 %","62","4.82","710","1246","1956","44.0 %","32.2 %","23.8 %","16.5 %","48.7 %","34.7 %","6893"
"Ken Giles","Astros",".269","1.11","15.8 %","44.2 %","40.0 %","7.9 %","5.3 %","7","1.58","206","407","613","37.9 %","28.4 %","33.7 %","27.4 %","45.3 %","27.4 %","12910"
"Amir Garrett","Reds",".261","1.10","19.4 %","42.2 %","38.3 %","5.8 %","27.5 %","38","5.86","374","645","1019","42.9 %","32.1 %","25.0 %","12.0 %","45.7 %","42.4 %","14375"
"Sean Newcomb","Braves",".303","1.10","23.8 %","39.9 %","36.4 %","5.8 %","11.5 %","13","2.22","360","622","982","37.2 %","40.5 %","22.3 %","18.2 %","51.4 %","30.4 %","16943"
"Josh Tomlin","Indians",".328","1.09","24.9 %","39.3 %","35.9 %","6.3 %","15.0 %","66","5.38","530","1095","1625","45.0 %","36.9 %","18.1 %","13.9 %","50.0 %","36.1 %","9388"
"Yu Darvish","- - -",".272","1.09","22.8 %","40.3 %","36.9 %","7.9 %","14.4 %","58","3.63","806","1504","2310","39.2 %","38.4 %","22.4 %","20.0 %","48.2 %","31.8 %","13074"
"Matt Boyd","Tigers",".349","1.09","21.9 %","40.8 %","37.3 %","15.5 %","9.3 %","48","5.47","481","862","1343","47.4 %","31.4 %","21.2 %","20.5 %","42.8 %","36.7 %","15440"
"Jered Weaver","Padres",".257","1.09","22.0 %","40.7 %","37.3 %","8.9 %","28.6 %","13","2.76","249","422","671","52.6 %","29.0 %","18.4 %","17.8 %","50.0 %","32.2 %","4235"
"Ian Krol","Braves",".302","1.09","23.0 %","40.2 %","36.9 %","13.3 %","17.8 %","29","6.42","288","455","743","35.5 %","35.5 %","29.0 %","17.7 %","52.4 %","29.8 %","10066"
"Brandon Maurer","- - -",".333","1.09","25.6 %","38.8 %","35.7 %","13.0 %","8.7 %","9","1.84","230","467","697","37.7 %","33.1 %","29.2 %","20.0 %","52.3 %","27.7 %","4878"
"Blake Snell","Rays",".300","1.09","19.3 %","42.0 %","38.7 %","14.6 %","13.4 %","27","3.36","565","801","1366","35.3 %","32.1 %","32.6 %","20.6 %","46.3 %","33.0 %","13543"
"Jesse Chavez","Angels",".295","1.08","22.3 %","40.3 %","37.3 %","5.8 %","18.2 %","63","4.87","746","1206","1952","36.8 %","34.9 %","28.3 %","15.0 %","48.8 %","36.2 %","5448"
"Ricky Nolasco","Angels",".304","1.08","19.6 %","41.8 %","38.7 %","6.0 %","18.0 %","38","2.74","786","1275","2061","46.8 %","32.9 %","20.3 %","14.4 %","49.1 %","36.5 %","3830"
"Danny Salazar","Indians",".327","1.08","25.3 %","38.8 %","36.0 %","12.5 %","18.8 %","43","5.16","471","854","1325","46.1 %","33.9 %","20.0 %","15.6 %","55.6 %","28.9 %","5867"
"Andrew Miller","Indians",".215","1.08","23.6 %","39.6 %","36.8 %","10.3 %","7.7 %","40","6.67","262","578","840","31.8 %","23.6 %","44.6 %","28.2 %","46.4 %","25.5 %","6785"
"Roberto Osuna","Blue Jays",".284","1.07","16.7 %","43.1 %","40.2 %","12.2 %","4.9 %","7","1.37","200","460","660","32.7 %","42.3 %","25.0 %","14.4 %","61.5 %","24.0 %","13764"
"Mike Minor","Royals",".265","1.07","17.4 %","42.8 %","39.9 %","10.9 %","5.5 %","31","5.20","279","551","830","43.9 %","29.5 %","26.6 %","23.0 %","50.4 %","26.6 %","10021"
"David Price","Red Sox",".287","1.07","20.9 %","40.8 %","38.3 %","13.3 %","10.7 %","42","5.73","398","735","1133","40.3 %","32.7 %","27.0 %","20.9 %","45.9 %","33.2 %","3184"
"Santiago Casilla","Athletics",".297","1.07","21.5 %","40.5 %","38.0 %","13.0 %","10.9 %","7","1.55","269","441","710","43.1 %","35.0 %","22.0 %","16.3 %","52.9 %","30.9 %","2873"
"Jake McGee","Rockies",".284","1.05","20.0 %","41.0 %","39.0 %","9.8 %","9.8 %","18","3.92","231","474","705","36.8 %","26.4 %","36.8 %","20.8 %","46.2 %","33.0 %","7550"
"Mike Clevinger","Indians",".273","1.04","21.2 %","40.2 %","38.6 %","9.9 %","12.7 %","39","4.79","519","763","1282","36.2 %","29.7 %","34.1 %","16.2 %","49.2 %","34.6 %","12808"
"Kenta Maeda","Dodgers",".277","1.03","22.2 %","39.5 %","38.3 %","10.0 %","12.0 %","70","6.63","524","1004","1528","38.6 %","35.7 %","25.7 %","19.5 %","53.7 %","26.8 %","18498"
"Madison Bumgarner","Giants",".269","1.03","18.8 %","41.2 %","40.0 %","8.8 %","8.8 %","22","3.34","293","593","886","45.7 %","26.6 %","27.8 %","18.5 %","46.2 %","35.3 %","5524"
"Tommy Kahnle","- - -",".344","1.03","25.0 %","38.0 %","37.0 %","2.9 %","8.8 %","14","2.84","204","471","675","36.6 %","30.1 %","33.3 %","17.2 %","49.5 %","33.3 %","11384"
"A.J. Ramos","- - -",".279","1.02","17.9 %","41.5 %","40.6 %","14.0 %","9.3 %","6","1.30","305","464","769","48.2 %","37.0 %","14.8 %","19.4 %","43.5 %","37.0 %","8350"
"Daniel Norris","Tigers",".359","1.02","22.0 %","39.4 %","38.6 %","5.9 %","9.8 %","59","6.25","623","936","1559","42.2 %","33.2 %","24.6 %","17.5 %","40.7 %","41.8 %","13475"
"Alex Wilson","Tigers",".295","1.02","22.0 %","39.3 %","38.7 %","12.1 %","6.9 %","16","3.20","240","463","703","32.7 %","43.8 %","23.5 %","20.9 %","43.8 %","35.3 %","9239"
"David Holmberg","White Sox",".252","1.01","18.7 %","41.0 %","40.4 %","13.4 %","11.9 %","24","4.38","359","519","878","45.5 %","31.1 %","23.4 %","20.4 %","44.9 %","34.7 %","7725"
"Mike Foltynewicz","Braves",".305","1.01","23.5 %","38.5 %","38.0 %","6.6 %","14.0 %","71","5.28","773","1315","2088","35.2 %","42.8 %","22.1 %","14.7 %","57.2 %","28.1 %","10811"
"Derek Holland","White Sox",".291","1.01","20.9 %","39.8 %","39.3 %","9.2 %","18.4 %","59","4.71","781","1206","1987","44.5 %","31.8 %","23.8 %","19.3 %","43.4 %","37.3 %","4141"
"Julio Teheran","Braves",".269","1.01","20.3 %","40.0 %","39.7 %","6.5 %","17.4 %","82","5.89","712","1325","2037","44.4 %","31.6 %","24.1 %","21.6 %","47.6 %","30.8 %","6797"
"Craig Kimbrel","Red Sox",".274","1.00","20.0 %","40.0 %","40.0 %","10.0 %","13.3 %","22","4.24","239","534","773","29.9 %","32.5 %","37.7 %","15.6 %","48.1 %","36.4 %","6655"
"Daniel Hudson","Pirates",".304","1.00","20.7 %","39.7 %","39.7 %","8.7 %","15.2 %","11","2.36","268","447","715","42.0 %","33.6 %","24.4 %","22.7 %","49.6 %","27.7 %","7146"
"Travis Wood","- - -",".345","1.00","19.8 %","40.1 %","40.1 %","8.7 %","8.7 %","44","7.52","328","586","914","40.8 %","28.7 %","30.5 %","21.8 %","51.2 %","27.0 %","9884"
"Ryan Tepera","Blue Jays",".252","1.00","18.8 %","40.6 %","40.6 %","17.9 %","7.1 %","19","3.05","343","566","909","43.9 %","36.0 %","20.1 %","24.5 %","47.5 %","28.1 %","10291"
"Justin Grimm","Cubs",".237","1.00","19.6 %","40.2 %","40.2 %","7.3 %","22.0 %","23","5.18","269","411","680","39.2 %","36.3 %","24.5 %","16.7 %","42.2 %","41.2 %","11720"
"Jose Berrios","Twins",".274","1.00","19.4 %","40.3 %","40.3 %","10.8 %","8.8 %","50","4.96","543","903","1446","37.0 %","38.5 %","24.5 %","22.6 %","51.4 %","26.1 %","14168"
"Adam Conley","Marlins",".280","1.00","17.6 %","41.2 %","41.2 %","17.1 %","10.0 %","29","4.77","335","568","903","41.1 %","35.4 %","23.4 %","18.3 %","44.6 %","37.1 %","14457"
"Jeff Hoffman","Rockies",".307","0.99","18.3 %","40.6 %","41.0 %","8.5 %","8.5 %","64","7.65","432","768","1200","35.2 %","35.6 %","29.2 %","18.5 %","48.5 %","33.1 %","17432"
"Joe Ross","Nationals",".330","0.99","24.6 %","37.5 %","37.9 %","8.2 %","18.8 %","83","10.14","405","799","1204","37.8 %","33.9 %","28.3 %","19.3 %","43.8 %","36.9 %","12972"
"Brad Peacock","Astros",".296","0.99","19.9 %","39.8 %","40.3 %","10.4 %","6.5 %","90","9.92","532","885","1417","42.9 %","32.5 %","24.6 %","26.2 %","44.0 %","29.8 %","5401"
"Miguel Gonzalez","White Sox",".304","0.99","20.6 %","39.4 %","40.0 %","8.7 %","10.9 %","64","5.78","563","1069","1632","41.6 %","35.6 %","22.8 %","15.4 %","51.6 %","33.1 %","7024"
"Ervin Santana","Twins",".223","0.98","15.8 %","41.7 %","42.4 %","13.0 %","13.6 %","80","4.95","821","1408","2229","47.2 %","33.0 %","19.8 %","21.5 %","49.5 %","29.0 %","3200"
"Nick Pivetta","Phillies",".304","0.98","18.3 %","40.4 %","41.3 %","7.1 %","17.2 %","50","5.36","552","951","1503","32.0 %","39.4 %","28.6 %","14.9 %","46.9 %","38.2 %","15454"
"Robert Stephenson","Reds",".322","0.98","19.8 %","39.7 %","40.5 %","6.1 %","20.4 %","22","4.95","298","433","731","44.8 %","36.0 %","19.2 %","13.6 %","48.0 %","38.4 %","13594"
"Jose Urena","Marlins",".242","0.98","18.2 %","40.4 %","41.4 %","9.7 %","11.2 %","71","5.90","705","1099","1804","45.5 %","31.3 %","23.2 %","18.7 %","49.1 %","32.2 %","11589"
"Jerad Eickhoff","Phillies",".309","0.98","20.8 %","39.1 %","40.1 %","8.7 %","10.2 %","43","3.70","652","1067","1719","46.6 %","34.0 %","19.4 %","13.9 %","53.4 %","32.7 %","12664"
"David Robertson","- - -",".261","0.97","16.3 %","41.3 %","42.4 %","7.7 %","15.4 %","10","2.13","212","421","633","45.7 %","31.9 %","22.3 %","17.0 %","56.4 %","26.6 %","8241"
"Parker Bridwell","Angels",".272","0.97","22.7 %","38.1 %","39.2 %","11.3 %","14.1 %","29","4.42","310","541","851","41.0 %","29.5 %","29.5 %","13.1 %","51.4 %","35.5 %","11502"
"Tom Koehler","Marlins",".313","0.97","22.7 %","38.1 %","39.2 %","7.2 %","21.7 %","35","5.66","404","593","997","42.5 %","30.9 %","26.5 %","16.0 %","49.2 %","34.8 %","6570"
"Rick Porcello","Red Sox",".333","0.96","21.0 %","38.8 %","40.3 %","9.0 %","13.8 %","60","3.71","788","1654","2442","40.6 %","33.2 %","26.2 %","16.4 %","42.6 %","41.1 %","2717"
"Alec Asher","Orioles",".287","0.96","19.4 %","39.4 %","41.2 %","20.0 %","12.9 %","23","3.74","385","598","983","39.3 %","32.4 %","28.3 %","21.4 %","50.3 %","28.3 %","13560"
"Ben Lively","Phillies",".290","0.95","17.1 %","40.4 %","42.5 %","12.9 %","6.5 %","18","3.80","234","442","676","39.6 %","33.6 %","26.9 %","20.1 %","47.0 %","32.9 %","14932"
"Jordan Montgomery","Yankees",".287","0.95","15.9 %","41.0 %","43.1 %","6.9 %","11.1 %","61","4.75","667","1225","1892","41.8 %","33.5 %","24.6 %","16.3 %","57.3 %","26.4 %","16511"
"Chris Devenski","Astros",".217","0.95","16.8 %","40.5 %","42.7 %","12.5 %","14.3 %","34","4.99","315","614","929","43.8 %","34.3 %","21.9 %","19.7 %","50.4 %","29.9 %","12763"
"Jacob Faria","Rays",".270","0.95","20.7 %","38.5 %","40.8 %","16.4 %","8.2 %","40","5.35","426","694","1120","36.7 %","38.9 %","24.4 %","21.7 %","48.3 %","30.0 %","13699"
"Pedro Baez","Dodgers",".242","0.94","21.1 %","38.3 %","40.6 %","16.7 %","9.3 %","30","5.79","273","525","798","41.4 %","27.8 %","30.8 %","21.8 %","48.1 %","30.1 %","5420"
"Austin Bibens-Dirkx","Rangers",".238","0.94","20.9 %","38.4 %","40.7 %","9.7 %","18.1 %","32","5.47","360","531","891","51.4 %","28.3 %","20.3 %","16.4 %","45.8 %","37.9 %","9559"
"Enny Romero","Nationals",".339","0.94","21.4 %","38.2 %","40.5 %","3.8 %","13.2 %","23","4.37","318","564","882","39.7 %","31.3 %","29.0 %","15.3 %","51.9 %","32.8 %","4001"
"Addison Reed","- - -",".301","0.94","17.6 %","39.9 %","42.5 %","1.5 %","10.8 %","14","2.42","223","583","806","35.3 %","39.2 %","25.5 %","10.5 %","54.9 %","34.6 %","10586"
"Zach McAllister","Indians",".279","0.93","22.6 %","37.4 %","40.0 %","4.3 %","13.0 %","14","2.64","257","501","758","29.9 %","33.3 %","36.8 %","11.1 %","53.9 %","35.0 %","2895"
"Danny Duffy","Royals",".314","0.92","20.3 %","38.3 %","41.5 %","10.7 %","5.3 %","50","4.17","560","1098","1658","38.3 %","35.5 %","26.2 %","17.6 %","52.8 %","29.6 %","3542"
"Jason Hammel","Royals",".305","0.92","20.5 %","38.1 %","41.3 %","8.3 %","8.9 %","49","3.51","739","1343","2082","39.1 %","34.2 %","26.7 %","17.2 %","52.4 %","30.3 %","4538"
"Robbie Ray","Diamondbacks",".272","0.92","18.9 %","38.9 %","42.2 %","9.5 %","13.8 %","71","5.38","773","1229","2002","36.7 %","33.5 %","29.9 %","17.8 %","40.2 %","42.0 %","11486"
"Brad Brach","Orioles",".234","0.92","17.2 %","39.7 %","43.1 %","12.0 %","10.0 %","8","1.53","263","542","805","34.5 %","38.8 %","26.7 %","22.4 %","49.1 %","28.5 %","6627"
"Edwin Diaz","Mariners",".245","0.92","13.0 %","41.7 %","45.4 %","24.5 %","16.3 %","4","0.77","294","516","810","43.6 %","25.5 %","30.9 %","23.6 %","43.6 %","32.7 %","14710"
"Christian Bergman","Mariners",".296","0.92","22.0 %","37.3 %","40.7 %","13.1 %","18.0 %","27","5.24","250","460","710","37.3 %","40.5 %","22.2 %","15.0 %","50.3 %","34.6 %","10925"
"Matt Bush","Rangers",".336","0.92","21.4 %","37.6 %","41.0 %","14.6 %","10.4 %","14","3.12","255","487","742","34.8 %","32.2 %","33.1 %","18.6 %","49.2 %","32.2 %","1246"
"Jason Vargas","Royals",".282","0.91","19.9 %","38.2 %","41.9 %","10.0 %","9.4 %","72","5.18","718","1249","1967","47.8 %","32.8 %","19.4 %","18.6 %","51.2 %","30.2 %","8044"
"Matt Moore","Giants",".331","0.90","19.6 %","38.2 %","42.2 %","7.1 %","11.3 %","48","3.52","713","1326","2039","36.5 %","39.9 %","23.7 %","16.0 %","48.8 %","35.2 %","1890"
"Anibal Sanchez","Tigers",".325","0.90","21.2 %","37.3 %","41.5 %","8.0 %","15.9 %","33","4.48","436","706","1142","40.1 %","34.1 %","25.8 %","18.4 %","45.2 %","36.4 %","3284"
"Anthony Swarzak","- - -",".287","0.90","16.7 %","39.4 %","43.9 %","17.2 %","5.2 %","29","4.86","293","573","866","35.6 %","37.1 %","27.3 %","18.2 %","56.1 %","25.8 %","7466"
"Corey Knebel","Brewers",".322","0.89","20.0 %","37.8 %","42.2 %","18.4 %","7.9 %","8","1.40","355","588","943","44.4 %","23.3 %","32.2 %","23.3 %","43.3 %","33.3 %","15010"
"Arodys Vizcaino","Braves",".260","0.89","18.3 %","38.5 %","43.1 %","10.6 %","10.6 %","19","4.24","205","396","601","37.6 %","34.9 %","27.5 %","15.6 %","50.5 %","33.9 %","5498"
"Heath Hembree","Red Sox",".350","0.89","19.0 %","38.1 %","42.9 %","11.1 %","12.7 %","19","3.44","295","588","883","39.2 %","31.8 %","29.1 %","16.2 %","51.4 %","32.4 %","11632"
"Chase Anderson","Brewers",".272","0.88","18.8 %","38.1 %","43.1 %","10.7 %","7.8 %","45","4.48","527","915","1442","41.3 %","32.8 %","25.9 %","18.6 %","48.2 %","33.2 %","6895"
"Greg Holland","Rockies",".253","0.88","11.8 %","41.2 %","47.1 %","10.0 %","5.0 %","4","0.89","206","374","580","28.2 %","41.2 %","30.6 %","15.3 %","48.2 %","36.5 %","7196"
"Dinelson Lamet","Padres",".265","0.87","18.6 %","37.9 %","43.5 %","5.7 %","15.7 %","40","5.68","392","680","1072","40.1 %","37.0 %","22.8 %","14.8 %","46.9 %","38.3 %","17186"
"Justin Wilson","- - -",".228","0.86","15.5 %","39.2 %","45.4 %","9.1 %","11.4 %","16","3.32","280","482","762","35.1 %","26.8 %","38.1 %","22.7 %","46.4 %","30.9 %","4301"
"Chris Sale","Red Sox",".291","0.84","20.9 %","36.2 %","42.9 %","13.5 %","8.8 %","85","4.99","759","1646","2405","38.9 %","34.0 %","27.1 %","18.0 %","53.1 %","28.9 %","10603"
"Rich Hill","Dodgers",".276","0.84","16.6 %","38.2 %","45.2 %","11.1 %","12.2 %","44","4.77","484","948","1432","41.1 %","38.2 %","20.8 %","23.7 %","46.4 %","30.0 %","4806"
"Hunter Strickland","Giants",".315","0.84","19.6 %","36.6 %","43.8 %","16.3 %","4.1 %","19","4.17","247","392","639","31.0 %","44.3 %","24.8 %","23.0 %","44.3 %","32.7 %","7836"
"Matt Shoemaker","Angels",".276","0.83","14.9 %","38.5 %","46.6 %","5.8 %","14.6 %","53","6.14","457","807","1264","46.9 %","30.4 %","22.8 %","14.7 %","49.1 %","36.2 %","4776"
"Ian Kennedy","Royals",".239","0.82","14.7 %","38.4 %","46.9 %","7.6 %","13.2 %","55","4.60","712","1149","1861","39.6 %","35.1 %","25.3 %","13.0 %","47.1 %","39.9 %","6986"
"Kenley Jansen","Dodgers",".263","0.82","18.4 %","36.7 %","44.9 %","20.5 %","6.8 %","24","4.56","170","512","682","38.8 %","33.7 %","27.6 %","30.6 %","44.9 %","24.5 %","3096"
"Jharel Cotton","Athletics",".296","0.81","16.2 %","37.5 %","46.2 %","13.7 %","12.8 %","39","4.11","540","912","1452","35.4 %","38.9 %","25.8 %","21.5 %","46.9 %","31.5 %","13654"
"Max Scherzer","Nationals",".233","0.81","16.3 %","37.4 %","46.3 %","13.1 %","11.7 %","100","6.15","709","1533","2242","42.6 %","33.8 %","23.7 %","19.6 %","52.4 %","28.1 %","3137"
"Jeremy Hellickson","- - -",".253","0.80","22.3 %","34.6 %","43.0 %","12.8 %","13.4 %","57","4.30","678","1194","1872","44.3 %","28.8 %","27.0 %","18.6 %","50.9 %","30.5 %","4371"
"Nick Vincent","Mariners",".277","0.80","20.6 %","35.3 %","44.1 %","15.0 %","1.7 %","22","4.24","202","487","689","31.9 %","37.7 %","30.4 %","19.6 %","56.5 %","23.9 %","7555"
"Eduardo Rodriguez","Red Sox",".287","0.80","22.8 %","34.2 %","42.9 %","4.3 %","12.8 %","38","4.19","534","922","1456","35.3 %","38.0 %","26.7 %","17.2 %","52.5 %","30.3 %","13164"
"Jordan Zimmermann","Tigers",".316","0.80","25.6 %","33.0 %","41.4 %","11.7 %","14.1 %","81","6.11","665","1268","1933","37.8 %","37.8 %","24.5 %","14.0 %","47.8 %","38.3 %","4505"
"Justin Verlander","Tigers",".303","0.79","24.4 %","33.2 %","42.3 %","10.1 %","10.1 %","71","4.66","870","1597","2467","38.5 %","37.3 %","24.3 %","16.3 %","47.8 %","36.0 %","8700"
"Pat Neshek","- - -",".282","0.78","16.8 %","36.4 %","46.7 %","14.0 %","6.0 %","20","4.00","175","498","673","31.9 %","33.6 %","34.5 %","19.5 %","55.8 %","24.8 %","4682"
"Nick Wittgren","Marlins",".339","0.78","23.8 %","33.3 %","42.9 %","7.4 %","9.3 %","24","5.10","273","480","753","28.6 %","35.7 %","35.7 %","13.5 %","46.8 %","39.7 %","15594"
"Junior Guerra","Brewers",".235","0.77","23.5 %","33.3 %","43.2 %","10.1 %","20.3 %","31","4.52","457","628","1085","39.3 %","35.5 %","25.3 %","19.4 %","46.8 %","33.9 %","5702"
"Cody Allen","Indians",".324","0.76","16.7 %","36.1 %","47.2 %","9.8 %","11.8 %","4","0.83","291","483","774","27.9 %","42.3 %","29.7 %","24.3 %","45.1 %","30.6 %","12183"
"Tim Adleman","Reds",".284","0.76","19.8 %","34.7 %","45.5 %","8.7 %","17.4 %","63","5.42","659","1113","1772","43.4 %","31.4 %","25.2 %","16.8 %","47.9 %","35.3 %","10968"
"Jose Torres","Padres",".269","0.74","18.4 %","34.8 %","46.8 %","10.6 %","18.2 %","19","3.42","284","523","807","34.9 %","41.8 %","23.3 %","18.5 %","46.6 %","34.9 %","14957"
"Neftali Feliz","- - -",".233","0.74","20.8 %","33.6 %","45.6 %","7.0 %","14.0 %","13","2.72","281","482","763","36.7 %","35.2 %","28.1 %","18.8 %","55.5 %","25.8 %","18"
"James Shields","White Sox",".275","0.73","15.0 %","35.9 %","49.0 %","5.0 %","16.8 %","32","4.60","455","666","1121","43.2 %","36.4 %","20.4 %","17.5 %","47.6 %","35.0 %","7059"
"Yusmeiro Petit","Angels",".272","0.73","18.9 %","34.1 %","47.0 %","16.9 %","6.5 %","36","5.17","303","619","922","38.0 %","37.4 %","24.7 %","19.9 %","44.0 %","36.1 %","4020"
"Dominic Leone","Blue Jays",".237","0.72","17.4 %","34.7 %","47.9 %","12.1 %","6.9 %","30","5.55","290","462","752","36.4 %","29.8 %","33.9 %","19.8 %","47.9 %","32.2 %","13763"
"Dan Straily","Marlins",".275","0.72","19.1 %","33.8 %","47.1 %","15.0 %","11.0 %","81","5.65","722","1406","2128","38.4 %","36.0 %","25.6 %","20.3 %","45.6 %","34.1 %","9460"
"Chase Whitley","Rays",".217","0.71","22.3 %","32.4 %","45.3 %","14.3 %","4.8 %","16","3.06","215","435","650","36.2 %","31.2 %","32.6 %","19.9 %","51.1 %","29.1 %","10982"
"Nick Goody","Indians",".278","0.71","23.9 %","31.5 %","44.6 %","22.0 %","9.8 %","13","2.90","234","429","663","35.1 %","40.4 %","24.5 %","25.5 %","45.7 %","28.7 %","13685"
"Michael Feliz","Astros",".361","0.70","26.1 %","30.4 %","43.5 %","14.0 %","14.0 %","31","6.25","294","530","824","37.4 %","37.4 %","25.2 %","20.9 %","42.6 %","36.5 %","11903"
"Jake Odorizzi","Rays",".238","0.69","23.7 %","31.2 %","45.2 %","9.5 %","18.3 %","59","5.61","677","1067","1744","32.9 %","33.9 %","33.2 %","15.9 %","46.3 %","37.8 %","6397"
"Dylan Bundy","Orioles",".262","0.69","20.8 %","32.3 %","46.9 %","14.2 %","11.9 %","85","6.01","769","1371","2140","40.0 %","32.4 %","27.6 %","18.7 %","46.6 %","34.7 %","12917"
"Seung Hwan Oh","Cardinals",".317","0.68","19.3 %","32.7 %","48.0 %","6.9 %","11.1 %","3","0.55","262","595","857","32.7 %","37.3 %","30.1 %","22.9 %","49.0 %","28.1 %","18719"
"Phil Hughes","Twins",".333","0.67","24.1 %","30.4 %","45.5 %","9.2 %","13.8 %","42","7.04","307","600","907","42.2 %","33.3 %","24.5 %","13.0 %","45.8 %","41.2 %","7450"
"Hector Neris","Phillies",".301","0.67","25.4 %","29.9 %","44.8 %","10.0 %","8.3 %","8","1.44","280","552","832","47.1 %","34.8 %","18.1 %","18.8 %","49.3 %","31.9 %","11804"
"Ryan Buchter","- - -",".237","0.64","14.7 %","33.3 %","52.0 %","11.3 %","13.2 %","22","4.75","266","470","736","45.2 %","28.9 %","26.0 %","23.1 %","44.2 %","32.7 %","9456"
"Ariel Miranda","Mariners",".229","0.63","15.3 %","32.9 %","51.8 %","14.3 %","14.3 %","85","6.04","721","1273","1994","40.6 %","30.9 %","28.5 %","21.5 %","48.9 %","29.6 %","17526"
"Bronson Arroyo","Reds",".305","0.63","21.2 %","30.4 %","48.4 %","10.7 %","19.0 %","40","5.07","398","761","1159","47.3 %","32.4 %","20.3 %","16.4 %","49.6 %","34.0 %","978"
"Chad Green","Yankees",".207","0.63","21.3 %","30.3 %","48.3 %","9.3 %","9.3 %","33","6.36","277","483","760","37.4 %","34.1 %","28.6 %","15.4 %","49.5 %","35.2 %","15552"
"Marco Estrada","Blue Jays",".309","0.62","19.4 %","30.9 %","49.7 %","15.4 %","11.5 %","65","4.56","808","1474","2282","41.1 %","30.5 %","28.4 %","20.5 %","51.6 %","27.8 %","1118"
"Paul Sewald","Mets",".322","0.62","25.2 %","28.6 %","46.2 %","9.1 %","9.1 %","23","4.47","272","526","798","35.8 %","31.7 %","32.5 %","22.0 %","43.9 %","34.2 %","13892"
"Joaquin Benoit","- - -",".250","0.61","16.2 %","31.6 %","52.1 %","13.1 %","11.5 %","23","4.74","258","488","746","31.1 %","36.1 %","32.8 %","23.5 %","45.4 %","31.1 %","1437"
"Hector Santiago","Twins",".263","0.59","18.5 %","30.2 %","51.4 %","14.0 %","13.2 %","32","4.09","475","761","1236","39.3 %","30.8 %","29.9 %","17.0 %","46.4 %","36.6 %","4026"
"Tyler Clippard","- - -",".239","0.56","15.2 %","30.4 %","54.5 %","9.8 %","11.5 %","23","4.74","299","501","800","40.5 %","35.3 %","24.1 %","19.0 %","51.7 %","29.3 %","5640"
"Danny Barnes","Blue Jays",".229","0.54","15.7 %","29.6 %","54.8 %","12.7 %","11.1 %","22","4.43","270","472","742","32.8 %","32.8 %","34.5 %","16.4 %","56.0 %","27.6 %","11388"
"A.J. Griffin","Rangers",".230","0.49","13.4 %","28.4 %","58.2 %","20.5 %","15.4 %","45","9.00","257","475","732","41.0 %","37.3 %","21.6 %","23.1 %","39.6 %","37.3 %","11132"
